,ID,Pred_prob
0,T1,0.8202327489852905
1,T2,0.00789741612970829
2,T3,0.017973249778151512
3,T4,0.5640059113502502
4,T5,0.508578360080719
5,T6,0.5168324112892151
6,T7,0.4914553761482239
7,T8,0.006604324094951153
8,T9,0.7532146573066711
9,T10,0.019586045295000076
10,T11,0.03750837594270706
11,T12,0.20594948530197144
12,T13,0.0585566870868206
13,T14,0.0330318957567215
14,T15,0.06046098470687866
15,T16,0.011457580141723156
16,T17,0.8248533010482788
17,T18,0.690738320350647
18,T19,0.9738280177116394
19,T20,0.9714868068695068
20,T21,0.949979841709137
21,T22,0.7101269960403442
22,T23,0.013398190028965473
23,T24,0.07939374446868896
24,T25,0.06704572588205338
25,T26,0.011822177097201347
26,T27,0.8250511884689331
27,T28,0.9513573050498962
28,T29,0.9613262414932251
29,T30,0.838735818862915
30,T31,0.5937833189964294
31,T32,0.04757460579276085
32,T33,0.1001129001379013
33,T34,0.7517374157905579
34,T35,0.04776844009757042
35,T36,0.5679959058761597
36,T37,0.9066322445869446
37,T38,0.8893033266067505
38,T39,0.5544074177742004
39,T40,0.7196170687675476
40,T41,0.8014112114906311
41,T42,0.74931800365448
42,T43,0.8831124901771545
43,T44,0.07912355661392212
44,T45,0.0714404508471489
45,T46,0.7162661552429199
46,T47,0.006553844548761845
47,T48,0.058842733502388
48,T49,0.8352962136268616
49,T50,0.787504255771637
50,T51,0.6340393424034119
51,T52,0.38146328926086426
52,T53,0.7790894508361816
53,T54,0.6836210489273071
54,T55,0.09843450784683228
55,T56,0.7615135312080383
56,T57,0.14143848419189453
57,T58,0.05526050180196762
58,T59,0.9811598062515259
59,T60,0.8339729309082031
60,T61,0.6905134916305542
61,T62,0.03711887449026108
62,T63,0.02982022799551487
63,T64,0.5555494427680969
64,T65,0.7648240923881531
65,T66,0.5715583562850952
66,T67,0.6127675175666809
67,T68,0.524077296257019
68,T69,0.6163173913955688
69,T70,0.5832675099372864
70,T71,0.8834049701690674
71,T72,0.6391700506210327
72,T73,0.23983098566532135
73,T74,0.2115546613931656
74,T75,0.2762306034564972
75,T76,0.3314363658428192
76,T77,0.7831308841705322
77,T78,0.029395004734396935
78,T79,0.04316962510347366
79,T80,0.9600926041603088
80,T81,0.09179841727018356
81,T82,0.32664069533348083
82,T83,0.18118688464164734
83,T84,0.97373366355896
84,T85,0.04533808305859566
85,T86,0.08277647942304611
86,T87,0.9561949372291565
87,T88,0.9218525886535645
88,T89,0.9794401526451111
89,T90,0.9712787866592407
90,T91,0.2540283501148224
91,T92,0.8540380597114563
92,T93,0.9890829920768738
93,T94,0.9899442791938782
94,T95,0.9878135323524475
95,T96,0.9599303007125854
96,T97,0.9829586148262024
97,T98,0.9824544191360474
98,T99,0.9570692777633667
99,T100,0.1941104531288147
100,T101,0.030370399355888367
101,T102,0.00669176084920764
102,T103,0.006864025257527828
103,T104,0.9179600477218628
104,T105,0.7774897813796997
105,T106,0.2603711485862732
106,T107,0.7677003741264343
107,T108,0.05651988089084625
108,T109,0.11597775667905807
109,T110,0.15728706121444702
110,T111,0.012997014448046684
111,T112,0.020313715562224388
112,T113,0.018154878169298172
113,T114,0.04911922663450241
114,T115,0.16411621868610382
115,T116,0.607848584651947
116,T117,0.500019371509552
117,T118,0.2660335600376129
118,T119,0.9417040944099426
119,T120,0.631490170955658
120,T121,0.9808174967765808
121,T122,0.9775334000587463
122,T123,0.9752856492996216
123,T124,0.05360296368598938
124,T125,0.775689423084259
125,T126,0.7812933921813965
126,T127,0.9689385890960693
127,T128,0.9620491862297058
128,T129,0.9894079566001892
129,T130,0.9706358909606934
130,T131,0.9780977964401245
131,T132,0.02376958355307579
132,T133,0.9461359977722168
133,T134,0.07834803313016891
134,T135,0.010655585676431656
135,T136,0.02545691654086113
136,T137,0.5747727155685425
137,T138,0.011030455119907856
138,T139,0.011569461785256863
139,T140,0.8819816708564758
140,T141,0.07218317687511444
141,T142,0.20998525619506836
142,T143,0.02881396748125553
143,T144,0.5665357112884521
144,T145,0.39497873187065125
145,T146,0.3780466318130493
146,T147,0.5587583184242249
147,T148,0.12525859475135803
148,T149,0.6368326544761658
149,T150,0.024192314594984055
150,T151,0.13230891525745392
151,T152,0.10941414535045624
152,T153,0.15580137073993683
153,T154,0.0222043264657259
154,T155,0.027296695858240128
155,T156,0.007679070346057415
156,T157,0.6482974886894226
157,T158,0.8462846875190735
158,T159,0.03216196224093437
159,T160,0.0760892853140831
160,T161,0.03653869777917862
161,T162,0.12325754016637802
162,T163,0.08294112980365753
163,T164,0.1368228793144226
164,T165,0.34595534205436707
165,T166,0.01107743103057146
166,T167,0.7135609984397888
167,T168,0.9814343452453613
168,T169,0.9760952591896057
169,T170,0.1481420397758484
170,T171,0.04031786322593689
171,T172,0.27316439151763916
172,T173,0.3593538999557495
173,T174,0.35708087682724
174,T175,0.5253231525421143
175,T176,0.555526077747345
176,T177,0.024690626189112663
177,T178,0.40360161662101746
178,T179,0.43863141536712646
179,T180,0.45248982310295105
180,T181,0.05456993728876114
181,T182,0.028477685526013374
182,T183,0.031762223690748215
183,T184,0.03568032756447792
184,T185,0.019092561677098274
185,T186,0.0465870201587677
186,T187,0.257419228553772
187,T188,0.4967423677444458
188,T189,0.7253093123435974
189,T190,0.928000271320343
190,T191,0.9879885315895081
191,T192,0.9686644673347473
192,T193,0.020645637065172195
193,T194,0.6617538332939148
194,T195,0.7003511190414429
195,T196,0.6974444389343262
196,T197,0.7212970852851868
197,T198,0.13390175998210907
198,T199,0.18447180092334747
199,T200,0.07648263871669769
200,T201,0.07921529561281204
201,T202,0.007610977161675692
202,T203,0.020115511491894722
203,T204,0.006175387650728226
204,T205,0.7542761564254761
205,T206,0.05198124423623085
206,T207,0.012996157631278038
207,T208,0.09389118105173111
208,T209,0.06812989711761475
209,T210,0.07284858077764511
210,T211,0.017492366954684258
211,T212,0.8698482513427734
212,T213,0.8472695350646973
213,T214,0.026345646008849144
214,T215,0.0080608194693923
215,T216,0.03316635265946388
216,T217,0.04402602091431618
217,T218,0.05537303537130356
218,T219,0.0275491401553154
219,T220,0.7758631706237793
220,T221,0.95772385597229
